relative_path	bytes	sha256
.gitignore	130	2bb6f6e5ce3ced9e280bd1c6e1457af85b23d9d1bcc0bfe076e7f2d06de85312
.zenodo.json	2939	088bf8a27708db7617f0ea593dc6f09fddb410896478be50a11fc7aeac8039b0
assets/tokenizer_vocab.json	40615	2c3f8cd25c1656a35f2f486aab91c798e70d523925805bbaa2e9df5cd8cd89b9
CITATION.cff	1830	10f794b3c685f25dac508475573db8e491ad2b6f103f97b8ebdba3f20b028570
configs/model_final.yaml	416	9c300b719251503af31b32992eaaa8bae349bd51dcfa6690c315765e1f2c65e7
configs/pretraining_final.json	1375	3f49aaf3227db8ce9884071bcddf981342639f22521ed5946c9fa5ba0732348a
configs/train_final.yaml	516	d9b62fe70d62c3b93430bd86a9287d10aac3456438206ce28e8864429c0a67de
docs/BENCHMARK_CONDITIONS.md	567	5121683c536dcfcff7ea067eb23584ced8bc38a5d50c37b0352764f71126fc71
docs/DATA_SOURCES.md	1089	b6e3840587e56abba82e709ae5fb766bf95855e52918b49bbe90bd7e4665a2c3
docs/DEPENDENCY_PROVENANCE.md	1280	c2fc28bd0569f16682a35874a736c9ccb40c254828ea68560d87bd4aa2354f2b
docs/MODEL_CARD.md	1456	192663b0f16e7e97bf6e0b73e12580ec3abfcd2a2f711b8882a0038a2a2a46a3
docs/REPRODUCIBILITY.md	3565	efcff8679e4fb72ab85f3950c402ff87f6ccb4e5b1ca18117885b2151ac66e9b
LICENSE	9044	4f4546a0834fc7330e29591a30bd95041a9daf9a43db6e512556efd79f62f74d
manifests/external_evaluation_genomes_public.tsv	696	ec3f3459294304f64597acdb4b7f88a8fc04d88252688fe7b004b045a1c7ad85
manifests/LA1974_evaluation_windows_coordinates_only.jsonl.gz	1047533	090fa613604c045ca02cacab1cbd8e0e8bc8f260cb321dcc37aa29c6efe48059
manifests/LA1974_evaluation_windows_coordinates_only.metadata.json	4292	d13b1ffaf79d75b28509dfb615b98a1b1aef49f7ffd81cdf07967ce371dbec80
manifests/MicroTom_evaluation_windows_coordinates_only.jsonl.gz	1424759	4086baa12cbdaab11f044c588e93baf70f10cf2bd6751b17059531503a7d39b2
manifests/MicroTom_evaluation_windows_coordinates_only.metadata.json	4301	389470e8ca8b6f617644f6be6cbc8afcdb3e389280e76f4af798cd90ffd037b9
manifests/PUBLIC_MANIFEST_BUILD_REPORT.json	810	a57509aa88ee0d9be5de18f1f5911c1752589d16b5f26841aa61f405e1c9b5a6
manifests/training_panel_66_public.tsv	17175	4994330b14ef93dd838ed74eebbdc37b4e9ee6c9d9dc8108fdf4279c81afd8e7
MODEL_WEIGHTS.md	1602	d3892e1c9a47acf6a4e071f2a681fc85e077cac678202d54469fece814f09f4d
pyproject.toml	538	9879304ce4b5b0eefac680c0f2669db86189520966d04597e808eae92a8ea070
README.md	3788	8c26dc212f70e437d5c59a2c1c98c43cd6ea371d50b11366df607f3bf2dfba86
requirements.txt	70	0fd940dca20106198e7668cd1bf326205d119169b2d12f9902bf983c28e5ce1e
requirements-eval.txt	112	8a14f94e968e8b57b1cd4e4ed2c725d302131032fa41f59fea9842103ab5b614
requirements-inference.txt	75	cbb29057d91e2b25035e57ebf9dad039358a56d568c0a90bafe934e31cf76df3
results/efficiency/bench_efficiency.json	4209	5494b8b3335beb68d22f267f55024082e607297f7371a73e2874e9a2026a7c0c
results/frozen_probe/LA1974.json	5638	b471f73f21972420112555c8934d83be5724544d603a19c68c7971833e84995a
results/frozen_probe/LA1974_test_predictions.csv.gz	270651	0d0c2f1695a549037c1d5170af2f0c4b5083163f1a1b76e72859c686ac6eb155
results/frozen_probe/MicroTom.json	5643	4528daffdf96f6654b670d5a06ce1fdbbc1c10c915d91fc2e617f7c1b39362ae
results/frozen_probe/MicroTom_test_predictions.csv.gz	338014	56a1b0605c9d8954ad11a4b417bc2fd7ffba7669de71f2edbc9decea1ab1b9b5
results/graph_sensitivity/m0_bootstrap_raw.json	738516	313e71c868918015d14b5bfbb44f818fe6dbffaba1412cfa62027be77fea1455
results/graph_sensitivity/per_batch/p1_512_cult.npz	10486	23ef598d1fb57da6d2aff12d85d7a40a4cf375c47e68321962395bba0f628208
results/graph_sensitivity/per_batch/p1_512_wild.npz	65974	2a9ff911dc22e96dc2e230e105746341f9b9edafc3d2496d1370b00b4823b581
results/graph_sensitivity/per_batch/p2_1024_cult.npz	10486	f2cfaa331fd23df9238360043a054caef1cbe230544791bacdaac5bd8a26a6eb
results/graph_sensitivity/per_batch/p2_1024_wild.npz	65974	0207b8cae052a5e32257cd4d9b7282315a9e1ebe08a29c17b64508c3272171e1
results/graph_sensitivity/per_batch/p3_2048_cult.npz	10486	d61cbc5385fa892f0b357b62d6415d023a88123361b0266fb03609d4618df2b0
results/graph_sensitivity/per_batch/p3_2048_wild.npz	65974	f3b2172073b349b8169915bb6f145c8e7ab652fa501c516c8482c91bc6178ce8
results/graph_sensitivity/per_batch/p4_4096_cult.npz	10486	1924cef1c248969a3dbded31ca8f246298e2d4656f9e73c6977e39e91cb769fb
results/graph_sensitivity/per_batch/p4_4096_wild.npz	65974	d059727b7c8c0f331da39df05b5d72e7772f0b04952e77fb3dd7450192398f0c
results/graph_sensitivity/per_batch/p5_8192_cult.npz	10486	8eea199b7ab7685ec9580349f223f8829d82ad1c2d83da4a8106d73939de4a0a
results/graph_sensitivity/per_batch/p5_8192_wild.npz	65974	4c802372d59917858e95f32156efaa61378f38dba6beb71c3c50bf815e946fc0
results/graph_sensitivity/RUN_METADATA.json	329	fa8e201d03580e6263bc4a3610f59c59c434f37324a30f1340d43b6961df3243
results/graph_sensitivity/stage_probe_report.json	20658	b7ae0c460b93b270c15f9ab1bec9efe7e4b577b0b262e926610571d4d98f08ec
results/lora/LA1974_cds.json	1302	6df28444c85af1e0f1ba589d582fee598af40accc034474cfae2e75b894e725e
results/lora/LA1974_gene.json	1312	c27d67f6f25f6f71f82992f71c71c9aa85548d8053c12153d0df5634733183f9
results/lora/MicroTom_cds.json	1305	cbc971e211a06d8ca175230a0af7e9be2e1e8113c80c4a7568cfe664995b13cb
results/lora/MicroTom_gene.json	1317	4809f96a1565db0c68758c362e8711171a17ceb4d4527d8c2746c42300a1f58d
scripts/benchmark_efficiency.py	10809	b2a0ce46242772be13996d781fb1b9675feccdd146fc5b78f0f695d0183cad76
scripts/build_genecds_dataset.py	8655	3d8f149fac77bf66076e4126ef702d7beeeda481a6ab9d8ef3e940e5e2e505d7
scripts/build_holdout_windows.py	5027	a0c7964f2e3b636567560e6452b6600d5d2fb44ced05919a10f1ef72c0c64f39
scripts/extract_embeddings.py	10188	c75673a7237c051f9eb034804d55c008732bae229aa34506f881095ae6a16587
scripts/graph_sensitivity_bootstrap.py	17125	65d9ad600bd7a1a67f38bc586753417d9815cb7fad7cde1288d8fabdde4fbec1
scripts/legacy/build_evaluation_manifests.py	5191	3d1d74fda72d89f18fd9f95b60c37c935368b78ed90fe5546c0cb1f10b23c0d7
scripts/legacy/README.md	362	75421145045c6ec0022a14f7e9d672bf0ecc301d04950bf59e8191a321b54536
scripts/load_inference_weights.py	3567	18a28ba1bd496c2bbf88d38971cb237143ad28fa3ce3ed894ff9f3626261565b
scripts/lora_genecds.py	14004	33607f702a92a97cea22a738978c56d6adedc835e578320d4b58f53a43094f7b
scripts/materialize_manifest_sequences.py	2421	39a4d65417e8bd22c2d005ec3f2821bf6bc88c0f0832203447a6d67333e42526
scripts/padding_aware_frozen_probe.py	22406	d4fa24b7542d77db16a54f13beda4922fd6c125f45d4f4ef5874118f2185d612
scripts/pretrain.py	19094	e4dd2bcf9f2a02c870efd6fc34c1ae2dd2e9bfceb2e1a628e8a72f823532532d
src/tomatopgfm/__init__.py	89	6de2a28704cf7244cfb8fa21aaf399dc03e9a7994b8ab6111dcc9067b6134204
src/tomatopgfm/audit.py	2388	db618e2ff62f193bc78b8887d823adb54edf2b431c72a66abab8c93e1a510044
src/tomatopgfm/checkpoint_io.py	1346	8dc5c8838fb6a8e7c4590648ce981168503e3624ace98c49dbe8e850e942d0f5
src/tomatopgfm/cli.py	5406	15c0b4018799e30339c15c5e7e06e03e2cd411b5eaa2c442c3c9be5dcaaf08fe
src/tomatopgfm/config.py	1111	0d1917939f599ca9fd3105f2360262f788cca18e77c73d730d1d26e834516029
src/tomatopgfm/data.py	5576	760b080c7fc39b0a0666ae0d30f650e88253e9ebdd2a5d87e1c1686b4bf63d75
src/tomatopgfm/dataset.py	4646	16ecd359d8fb3b3ada2c45dc0cba1d5e5ce547af91198b7a39f1b23ce79b0ac5
src/tomatopgfm/dataset_lazy.py	4696	72c1a244c87c5dad6e1f8818fb0747582a51bb20c98b00340d6bd3b17cbcc4d8
src/tomatopgfm/eval.py	2177	7013d0a36f3ebd63b672f1eca5f805d9a7d09b108780e958d25e552b659509f3
src/tomatopgfm/features.py	3766	f39ee5cd438cbf6f4d24a7e64910b179ad9675dce92c33cb3b803822f284f52a
src/tomatopgfm/graph.py	8849	397313bfee47030b99d4c32bef5b3d29e3ea60467c042ab162ed5e6bfb84ba29
src/tomatopgfm/minigraph.py	2540	b88c6f19388e498431d87ddd41d479c9bf6bc491c5ccfde4c9037d80dac8a6cc
src/tomatopgfm/model.py	13295	c8a9c59b25bc938970da117713e5d313b3a46367951dbdc40198f015704e3c53
src/tomatopgfm/pan66_shard_builder.py	30282	60de37f6d0ec408cd8dad315c42a810bb8b90d9722ac083e55160b6642bc90f6
src/tomatopgfm/path_sampling.py	4725	e509b8adefd923144c0ed136a621beb5083b9a0eb6aa2ebbd6436e916d8e46ce
src/tomatopgfm/pilot_ablation.py	6467	4d37a97009d07b54fca2ff1bdfebf1a486ea35166f5980f0bf94f515e0c8d10b
src/tomatopgfm/shard_builder.py	9420	e3014a35afb907481d71efe5c84cbcd28f5980feffa53db509ff11b0ce4379df
src/tomatopgfm/shards.py	3365	3bdbcfb5d9af663d0bbf383aab6333b2a900b3e804336ac7e18b1a893eda5a29
src/tomatopgfm/tokenizer.py	8049	d5125198e0d0012883366be13221e5b4fa732353dd75bab77fbff16417427908
src/tomatopgfm/trainer.py	9469	aa510a3234ad02c4784b293e95ee16c3358c11e6c1a7e78b5527e2ad72ca7f3d
src/tomatopgfm/training.py	7686	72e856d91e2d577f90ae7e856ebf2ac1f04171c7936da5c619860fa846e84d3d
tests/test_core.py	6053	601e3ba08274670ddaf45b4d55164b2211b9e0ba5b9ba7712f2456e3fee554c2
tests/test_release_contract.py	2182	863120f740574c2421c7342eda51ad476a05c579499c621b6b403bdf2876ab21
THIRD_PARTY_NOTICES.md	521	b23eae313cacd1fabe14a38e2f4384c970f966bde281cd1b634ecb2795996c2d
